"Product ID","Average Price","Price","Price Table","Status","Card Type","Related Image","Related Image Alt","Related Image Caption","Body","Related File","Type","Created date","Updated date","design form","Product Type","SKU","Price Table Amount","Price Table Quantity","Title","Packaging","summary"
"6","","$124.00","
 <tr><th>Quantity</th><th>1 - 9</th><th>10 - 24</th><th>25 - 49</th><th>50 - Unlimited</th> </tr>

 <tr class=""odd""><td>Price</td><td>$124.00</td><td>$115.00</td><td>$109.00</td><td>$104.00</td> </tr>


","0","","https://bigfundraisingideas.com/sites/default/files/united-we-stand-candy-bar-fundraiser_0.png","United We Stand Candy Bar Fundraiser vwc-45200","United We Stand Candy Bar Fundraiser","<p>United We Stand candy bars are peanut-free and include our 3 most popular flavors: Creamy Caramel, Milk Chocolate Almond and Crispy Rice.</p>
<h2>Pricing & Profit</h2>
<table border=""0"">
<thead>
<tr align=""left"">
<td>Cases</td>
<td>Cost/Case</td>
<td>Profit</td>
<td>Profit/Case</td>
</tr>
</thead>
<tr>
<td>1-9</td>
<td>$124</td>
<td>40%</td>
<td>$88</td>
</tr>
<tr>
<td>10-24</td>
<td>$115</td>
<td>45%</td>
<td>$93</td>
</tr>
<tr>
<td>25-49</td>
<td>$109</td>
<td>48%</td>
<td>$99</td>
</tr>
<tr>
<td>50+</td>
<td>$104</td>
<td>50%</td>
<td>$104</td>
</tr>
</table>
<h2>Product Details</h2>
<p><strong>Packaging:</strong> 208 units per case (4 inner carriers of 52). <a title=""Carrier contents"" rel=""lightframe"" href=""/united-we-stand-candy-bar-flavors"">Carrier contents</a><br /><strong>Unit Size:</strong> 1.5 oz.<br /><strong>Average Price:</strong> $1.00<br /><strong>Delivery: </strong>3-7 business days. <a rel=""lightframe"" href=""/candy-bar-shipping"">Free Shipping</a></p>
","","Product","1320337660","1566835231","","118","vwc-45200","12400 ","","United We Stand Candy Bars","","Maximize your profit. Promote our top 3 selling $1.00 candy bar flavors.<a class=""button"" href=""/candy-bar-fundraisers/united-we-stand-candy-bars"">Learn more </a>"
"20","","$160.00","
 <tr><th>Quantity</th><th>1 - 4</th><th>5 - 9</th><th>10 - Unlimited</th> </tr>

 <tr class=""odd""><td>Price</td><td>$160.00</td><td>$153.00</td><td>$147.00</td> </tr>


","0","","https://bigfundraisingideas.com/sites/default/files/easter-joy-lollipop-fundraiser_0.png","Easter Joy Lollipop Fundraiser cc-022518","Easter Joy Lollipop Fundraiser","<p>Easter Joy lollipops are great for Easter egg hunts and basket stuffers. These lollipops come in 3 joyful shapes: Chick 'n Egg, Bunny and Egg.</p>
<h2>Pricing & Profit</h2>
<table border=""0"">
<thead>
<tr align=""left"">
<td>Cases</td>
<td>Cost/Case</td>
<td>Profit</td>
<td>Profit/Case</td>
</tr>
</thead>
<tr align=""left"">
<td>1-4</td>
<td>$160</td>
<td>50%</td>
<td>$160</td>
</tr>
<tr align=""left"">
<td>5-9</td>
<td>$153</td>
<td>52%</td>
<td>$167</td>
</tr>
<tr align=""left"">
<td>10+</td>
<td>$147</td>
<td>54%</td>
<td>$173</td>
</tr>
</table>
<h2>Product Details</h2>
<p><strong>Packaging:</strong> 640 units per case (16 inner bags of 40). <a title=""Flavors"" rel=""lightframe"" href=""/easter-joy-lollipop-flavors"">Flavors</a><br /><strong>Unit Size: </strong>1.0 oz.<br /><strong>Average Price:</strong> 50¢<br /><strong>Delivery:</strong> 3-7 business days. <a title=""Free shipping"" rel=""lightframe"" href=""/lollipop-shipping"">Free shipping</a></p>
","","Product","1320413554","1566831357","","117","cc-022518","16000 ","","Easter Joy Lollipops","","The perfect Easter basket filler. Shaped in Chick 'n Egg, bunny, and egg."
"24","","$160.00","
 <tr><th>Quantity</th><th>1 - 4</th><th>5 - 9</th><th>10 - Unlimited</th> </tr>

 <tr class=""odd""><td>Price</td><td>$160.00</td><td>$153.00</td><td>$147.00</td> </tr>


","0","","https://bigfundraisingideas.com/sites/default/files/sugarfree_web-edit3.jpg","","","<p>Sugar free lollipops can make your group up to 54% profit with <a title=""free shipping"" href=""/resource/lollipop-shipping-information"">free shipping</a> on all orders!</p>
<h3><strong>Pricing & Profit:</strong></h3>
<table border=""0"">
<thead>
<tr align=""center"" valign=""middle"">
<td>Cases</td>
<td>Cost/Case</td>
<td>Profit</td>
<td>You Make</td>
</tr>
</thead>
<tr align=""left"">
<td>1-4</td>
<td>$160</td>
<td>50%</td>
<td>$160-$640</td>
</tr>
<tr align=""left"">
<td>5-9</td>
<td>$153</td>
<td>52%</td>
<td>$835-$1,503</td>
</tr>
<tr align=""left"">
<td>10+</td>
<td>$147</td>
<td>54%</td>
<td>$1,730+</td>
</tr>
</table>
<h3><strong>Product Details:</strong></h3>
<ul>
<li><strong>Minimum Order: </strong>1 Case</li>
<li><strong>Packaging: </strong>640 Lollipops/Case <em>(16 inner bags of 40)</em></li>
<li><strong>Size: </strong>1.0 oz. Lollipops</li>
<li><strong>Average Price: </strong>50¢</li>
</ul>
<table border=""0"">
<tr align=""center"">
<td colspan=""2"">Sugar Free Lollipop Flavors</td>
</tr>
<tr>
<td>Bubble Gum</td>
<td>Citrus Apple</td>
</tr>
<tr>
<td>Watermelon</td>
<td>Cherry</td>
</tr>
<tr>
<td>Green Apple</td>
<td>Cherry Lemonade</td>
</tr>
<tr>
<td>Mandarin</td>
<td></td>
</tr>
</table>
<h3><strong>What you need to know:</strong></h3>
<ul>
<li>Your order is processed within 2 business days</li>
<li>Free shipping on reorders</li>
<li><a title=""Questions about lollipops?"" href=""/resource/answers-questions-about-lollipops"">Questions about lollipops?</a></li>
</ul>
<h3>Additional Information:</h3>
","https://bigfundraisingideas.com/sites/default/files/gourmet_lollipop_overview_3.pdf, https://bigfundraisingideas.com/sites/default/files/nutritional_info_-_sugar_free.pdf, https://bigfundraisingideas.com/sites/default/files/purchase_order_form_22.pdf, https://bigfundraisingideas.com/sites/default/files/sales_tracking_sheet_11.pdf","Product","1320414154","1566834700","","117","cc-02258","16000 ","","Sugar Free Lollipops","",""
"25","","$320.00","
 <tr><th>Quantity</th><th>1 - Unlimited</th> </tr>

 <tr class=""odd""><td>Price</td><td>$320.00</td> </tr>


","0","","https://bigfundraisingideas.com/sites/default/files/hope-ribbon-lollipop-fundraiser_0.png","Hope Ribbon Lollipop Fundraiser cc-022617","Hope Ribbon Lollipop Fundraiser","<p>Hope Ribbon lollipops raise money as well as breast cancer awareness. A portion of the sale will be donated to a cancer research organization.</p>
<h2>Pricing & Profit</h2>
<table border=""0"">
<thead>
<tr align=""left"">
<td>Cases</td>
<td>Cost/Case</td>
<td>Profit</td>
<td>Profit/Case</td>
</tr>
</thead>
<tr align=""left"">
<td>1+</td>
<td>$320</td>
<td>50%</td>
<td>$320</td>
</tr>
</table>
<h2>Product Details</h2>
<p><strong>Packaging:</strong> 640 units per case (16 inner bags of 40). <a title=""Flavors"" rel=""lightframe"" href=""/hope-ribbon-lollipop-flavors"">Flavors</a><br /><strong>Unit Size: </strong>1.0 oz.<br /><strong>Average Price:</strong> $1.00<br /><strong>Delivery:</strong> 3-7 business days. <a title=""Free shipping"" rel=""lightframe"" href=""/lollipop-shipping"">Free shipping</a></p>
","","Product","1320414265","1566832034","","117","cc-022617","32000 ","","Hope Ribbon Lollipops","","Increase breast cancer awareness. A portion of the sale is donated to cancer research."
"28","","$120.00","
 <tr><th>Quantity</th><th>1 - 4</th><th>5 - 9</th><th>10 - Unlimited</th> </tr>

 <tr class=""odd""><td>Price</td><td>$120.00</td><td>$115.00</td><td>$111.50</td> </tr>


","0","","https://bigfundraisingideas.com/sites/default/files/yummyvalentinelarge-edit3.jpg","","","<p>‘Yummy Valentine’ jumbo lollipops come in cherry flavor and can make your group up to 54% profit with <a title=""free shipping"" href=""/resource/lollipop-shipping-information"">free shipping</a> on all orders!</p>
<h3><strong>Pricing & Profit:</strong></h3>
<table border=""0"">
<thead>
<tr align=""center"" valign=""middle"">
<td>Cases</td>
<td>Cost/Case</td>
<td>Profit</td>
<td>You Make</td>
</tr>
</thead>
<tr align=""left"">
<td>1-4</td>
<td>$120</td>
<td>50%</td>
<td>$120-$480</td>
</tr>
<tr align=""left"">
<td>5-9</td>
<td>$115</td>
<td>52%</td>
<td>$625-$1,125</td>
</tr>
<tr align=""left"">
<td>10+</td>
<td>$111.50</td>
<td>54%</td>
<td>$1,250+</td>
</tr>
</table>
<h3><strong>Product Details:</strong></h3>
<ul>
<li><strong>Minimum Order: </strong>1 Case</li>
<li><strong>Packaging: </strong>240 Lollipops/Case <em>(24 inner carriers of 10)</em></li>
<li><strong>Size: </strong>1.58 oz. Lollipops</li>
<li><strong>Average Price: </strong>$1.00</li>
</ul>
<h3><strong>What you need to know:</strong></h3>
<ul>
<li>Your order is processed within 2 business days</li>
<li>Free shipping on reorders</li>
<li><a title=""Questions about lollipops?"" href=""/resource/answers-questions-about-lollipops"">Questions about lollipops?</a></li>
</ul>
<h3>Additional Information:</h3>
","https://bigfundraisingideas.com/sites/default/files/jumbo_lollipop_overview.pdf, https://bigfundraisingideas.com/sites/default/files/nutritional_info_-_yummy_valentine_jumbo.pdf, https://bigfundraisingideas.com/sites/default/files/purchase_order_form_27.pdf, https://bigfundraisingideas.com/sites/default/files/sales_tracking_sheet_16.pdf, https://bigfundraisingideas.com/sites/default/files/seasonal_lollipop_overview_5.pdf","Product","1320415535","1566835799","","117","cc-022648","12000 ","","Yummy Valentine Lollipops","",""
"29","","$120.00","
 <tr><th>Quantity</th><th>1 - 4</th><th>5 - 9</th><th>10 - Unlimited</th> </tr>

 <tr class=""odd""><td>Price</td><td>$120.00</td><td>$115.00</td><td>$111.50</td> </tr>


","0","","https://bigfundraisingideas.com/sites/default/files/yummy-swirl-pops-fundraiser_0.png","Yummy Swirl Pops Fundraiser cc-022655","Yummy Swirl Pops Fundraiser","<p>Yummy Swirl Pops are our largest lollipops and come exclusively in sour apple flavor.</p>
<h2>Pricing & Profit</h2>
<table border=""0"">
<thead>
<tr align=""left"">
<td>Cases</td>
<td>Cost/Case</td>
<td>Profit</td>
<td>Profit/Case</td>
</tr>
</thead>
<tr align=""left"">
<td>1-4</td>
<td>$120.00</td>
<td>50%</td>
<td>$120</td>
</tr>
<tr align=""left"">
<td>5-9</td>
<td>$115.00</td>
<td>52%</td>
<td>$125</td>
</tr>
<tr align=""left"">
<td>10+</td>
<td>$111.50</td>
<td>54%</td>
<td>$128.50</td>
</tr>
</table>
<h2>Product Details</h2>
<p><strong>Packaging:</strong> 240 units per case (24 inner carriers of 10).<br /><strong>Unit Size: </strong>1.58 oz.<br /><strong>Average Price:</strong> $1.00<br /><strong>Delivery:</strong> 3-7 business days. <a title=""Free shipping"" rel=""lightframe"" href=""/lollipop-shipping"">Free shipping</a></p>
","","Product","1320415705","1566835750","","117","cc-022655","12000 ","","Yummy Swirl Pops","","Make more by selling less. These jumbo-sized lollipops come in sour apple flavor.<a class=""button"" href=""/lollipop-fundraisers/yummy-swirl-pops"">Learn more </a>"
"30","","$160.00","
 <tr><th>Quantity</th><th>1 - 4</th><th>5 - 9</th><th>10 - Unlimited</th> </tr>

 <tr class=""odd""><td>Price</td><td>$160.00</td><td>$153.00</td><td>$147.00</td> </tr>


","0","","https://bigfundraisingideas.com/sites/default/files/red-ribbon-lollipop-fundraiser_1.png","Red Ribbon Lollipop Fundraising Product cc-022686","Red Ribbon Lollipop Fundraising Product","<p>Red Ribbon lollipops are a sweet way to reinforce the “Just Say No” to drugs message.</p>
<h2>Pricing & Profit</h2>
<table border=""0"">
<thead>
<tr align=""left"">
<td>Cases</td>
<td>Cost/Case</td>
<td>Profit</td>
<td>Profit/Case</td>
</tr>
</thead>
<tr align=""left"">
<td>1-4</td>
<td>$160</td>
<td>50%</td>
<td>$160</td>
</tr>
<tr align=""left"">
<td>5-9</td>
<td>$153</td>
<td>52%</td>
<td>$167</td>
</tr>
<tr align=""left"">
<td>10+</td>
<td>$147</td>
<td>54%</td>
<td>$173</td>
</tr>
</table>
<h2>Product Details</h2>
<p><strong>Packaging:</strong> 640 units per case (16 inner bags of 40). <a title=""Flavors"" rel=""lightframe"" href=""/red-ribbon-lollipop-flavors"">Flavors</a><br /><strong>Unit Size: </strong>1.0 oz.<br /><strong>Average Price:</strong> 50¢<br /><strong>Delivery:</strong> 3-7 business days. <a title=""Free shipping"" rel=""lightframe"" href=""/lollipop-shipping"">Free shipping</a></p>
","","Product","1320416030","1566833842","","117","cc-022686","16000 ","","Red Ribbon Lollipops","","Support the “Just Say No to Drugs” message with our red ribbon-shaped lollipops."
"32","10","$144.00","
 <tr><th>Quantity</th><th>1 - 9</th><th>10 - 24</th><th>25 - Unlimited</th> </tr>

 <tr class=""odd""><td>Price</td><td>$144.00</td><td>$132.00</td><td>$120.00</td> </tr>


","0","","https://bigfundraisingideas.com/sites/default/files/classic-caramel-popcorn-fundraiser_0.png","Classic Caramel Popcorn Fundraising Product vwc-31014","Classic Caramel Popcorn Fundraising Product","<p>This favorite combines creamy butter and sweet brown sugar. Our mouth-watering Caramel Corn is the classic snack.</p>
<h2>Case Pricing</h2>
<table border=""0"">
<thead>
<tr align=""left"">
<td>Cases</td>
<td>Cost/Case</td>
<td>Profit</td>
<td>Profit/Case</td>
</tr>
</thead>
<tbody>
<tr>
<td>1-9</td>
<td>$144</td>
<td>40%</td>
<td>$96</td>
</tr>
<tr>
<td>10-24</td>
<td>$132</td>
<td>45%</td>
<td>$108</td>
</tr>
<tr>
<td>25+</td>
<td>$120</td>
<td>50%</td>
<td>$120</td>
</tr>
</tbody>
</table>
<h2>Product Details</h2>
<p><strong>Packaging:</strong> 24 items per case (4 inner boxes of 6 bags)<br /><strong>Item Size:</strong> 11 oz.<br /><strong>Selling Price:</strong> $10.00<br /><strong>Payment Options:</strong> <a title=""Learn more"" href=""/payment-options"" rel=""lightframe"">Learn more</a><br /><strong>Delivery:</strong> 7-10 business days. <a title=""Free shipping"" href=""/popcorn-shipping"" rel=""lightframe"">Free shipping</a></p>
","","Product","1320416512","1614466566","","119","vwc-31014","14400 ","","Classic Caramel Popcorn","24","Combine creamy butter with sweet brown sugar. Carmel Corn is the classic snack."
"35","","$96.00","
 <tr><th>Quantity</th><th>1 - 4</th><th>5 - 9</th><th>10 - Unlimited</th> </tr>

 <tr class=""odd""><td>Price</td><td>$96.00</td><td>$88.00</td><td>$80.00</td> </tr>


","0","","https://bigfundraisingideas.com/sites/default/files/caramel-fudge-peanut-popcorn-fundraiser_1.png","Caramel Fudge Peanut Popcorn Fundraising Product vwc-31038","Caramel Fudge Peanut Popcorn Fundraising Product","<p>Encounter the unforgettable taste of Caramel Corn and peanuts coated in creamy fudge. Simply Irresistible.</p>
<h2>Pricing & Profit</h2>
<table border=""0"">
<thead>
<tr align=""left"">
<td>Cases</td>
<td>Cost/Case</td>
<td>Profit</td>
<td>Profit/Case</td>
</tr>
</thead>
<tr>
<td>1-4</td>
<td>$96.00</td>
<td>40%</td>
<td>$64</td>
</tr>
<tr>
<td>5-9</td>
<td>$88.00</td>
<td>45%</td>
<td>$72</td>
</tr>
<tr>
<td>10+</td>
<td>$80.00</td>
<td>50%</td>
<td>$80</td>
</tr>
</table>
<h2>Product Details</h2>
<p><strong>Packaging:</strong> 16 units per case<br /><strong>Unit Size:</strong> 10 oz.<br /><strong>Average Price:</strong> $10.00<br /><strong>Delivery:</strong> 7-10 business days. <a title=""Free shipping"" rel=""lightframe"" href=""/caramel-fudge-peanut-popcorn-shipping"">Free shipping</a></p>
","","Product","1320417064","1566830749","","119","vwc-31038","9600 ","","Caramel Fudge Peanut Popcorn","","The cherished taste of Caramel Corn and peanuts coated in creamy fudge."
"37","","$72.00","
 <tr><th>Quantity</th><th>1 - 9</th><th>10 - 24</th><th>25 - Unlimited</th> </tr>

 <tr class=""odd""><td>Price</td><td>$72.00</td><td>$69.00</td><td>$66.00</td> </tr>


","0","","https://bigfundraisingideas.com/sites/default/files/1_oz_squatch_original_box.png","","","<p>Beef jerky offers a high-protein snack that is also low in sugar. ‘Original Squatch Sticks’ are made with real beef and pork along with a variety of spices that can make your group up to 45% profit with <a title=""free shipping"" href=""/resource/beef-jerky-shipping-information"">free shipping</a> on all orders!</p>
<h3><strong>Pricing & Profit:</strong></h3>
<table border=""0"">
<tr align=""center"">
<td>Cases</td>
<td>Cost/Case</td>
<td>Profit</td>
<td>You Make</td>
</tr>
<tr>
<td>1-9</td>
<td>$72</td>
<td>40%</td>
<td>$48-$432</td>
</tr>
<tr>
<td>10-24</td>
<td>$69</td>
<td>43%</td>
<td>$510-$1,224</td>
</tr>
<tr>
<td>25+</td>
<td>$66</td>
<td>45%</td>
<td>$1,350+</td>
</tr>
</table>
<h3><strong>Product Details:</strong></h3>
<ul>
<li><strong>Minimum Order:</strong> 1 Case</li>
<li><strong>Packaging:</strong> 120 Squatch Sticks/Case <em>(6 cartons of 20)</em></li>
<li><strong>Size:</strong> 1.0 oz. Squatch Sticks</li>
<li><strong>Average Price:</strong> $1.00</li>
</ul>
<h3><strong>What you need to know:</strong></h3>
<ul>
<li>Your order will ship in 7 days or less</li>
<li>Free shipping on reorders</li>
<li><a title=""Questions about beef jerky?"" href=""/resource/answers-questions-about-beef-jerky"">Questions about beef jerky?</a></li>
</ul>
<h3>Additional Information:</h3>
","https://bigfundraisingideas.com/sites/default/files/nutritional_info_-_original_squatch_stick_1.pdf, https://bigfundraisingideas.com/sites/default/files/purchase_order_form_34.pdf, https://bigfundraisingideas.com/sites/default/files/sales_tracking_sheet_22.pdf, https://bigfundraisingideas.com/sites/default/files/swatch_stick_overview.pdf","Product","1320686607","1566833543","","120","jl-10000004986","7200 ","","Original Squatch Stick","",""
"38","","$72.00","
 <tr><th>Quantity</th><th>1 - 9</th><th>10 - 24</th><th>25 - Unlimited</th> </tr>

 <tr class=""odd""><td>Price</td><td>$72.00</td><td>$69.00</td><td>$66.00</td> </tr>


","0","","https://bigfundraisingideas.com/sites/default/files/1_oz_squatch_hot_box.png","","","<p>Beef jerky offers a high-protein snack that is also low in  sugar. ‘Hot Squatch Sticks’ are made with real beef and pork  along with a variety of Italian spices that can make your group up to 45% profit  with <a title=""free shipping"" href=""/resource/beef-jerky-shipping-information"">free shipping</a> on all orders!</p>
<h3><strong>Pricing & Profit:</strong></h3>
<table border=""0"">
<tr align=""center"">
<td>Cases</td>
<td>Cost/Case</td>
<td>Profit</td>
<td>You Make</td>
</tr>
<tr>
<td>1-9</td>
<td>$72</td>
<td>40%</td>
<td>$48-$432</td>
</tr>
<tr>
<td>10-24</td>
<td>$69</td>
<td>43%</td>
<td>$510-$1,224</td>
</tr>
<tr>
<td>25+</td>
<td>$66</td>
<td>45%</td>
<td>$1,350+</td>
</tr>
</table>
<h3><strong>Product Details:</strong></h3>
<ul>
<li><strong>Minimum Order:</strong> 1 Case</li>
<li><strong>Packaging:</strong> 120 Squatch Sticks/Case <em>(6 cartons of 20)</em></li>
<li><strong>Size:</strong> 1.0 oz. Squatch Sticks</li>
<li><strong>Average Price:</strong> $1.00</li>
</ul>
<h3><strong>What you need to know:</strong></h3>
<ul>
<li>Your order will ship in 7 days or less</li>
<li>Free shipping on reorders</li>
<li><a title=""Questions about beef jerky?"" href=""/resource/answers-questions-about-beef-jerky"">Questions about beef jerky?</a></li>
</ul>
<h3>Additional Information:</h3>
","https://bigfundraisingideas.com/sites/default/files/nutritional_info_-_hot_squatch_stick_1.pdf, https://bigfundraisingideas.com/sites/default/files/purchase_order_form_33.pdf, https://bigfundraisingideas.com/sites/default/files/sales_tracking_sheet_23.pdf, https://bigfundraisingideas.com/sites/default/files/squatch_stick_overview.pdf","Product","1320686794","1566832349","","120","jl-10000004985","7200 ","","Hot Squatch Stick","",""
"39","","$165.00","
 <tr><th>Quantity</th><th>1 - 9</th><th>10 - Unlimited</th> </tr>

 <tr class=""odd""><td>Price</td><td>$165.00</td><td>$150.00</td> </tr>


","0","","https://bigfundraisingideas.com/sites/default/files/variety-meat-snacks-fundraiser.png","Variety Meat Snacks Fundraiser jl-10000005062","Variety Meat Snacks Fundraiser","<p>Variety Meat Snack Fundraising Kit offers 3 of our favorites including Squatch Sticks, Beef Sticks and Beef Steaks. Perfect for concession stands.</p>
<h2>Pricing & Profit</h2>
<table border=""0"">
<thead>
<tr align=""left"">
<td>Cases</td>
<td>Cost/Case</td>
<td>Profit</td>
<td>Profit/Case</td>
</tr>
</thead>
<tr>
<td>1-9</td>
<td>$165</td>
<td>40%</td>
<td>$111</td>
</tr>
<tr>
<td>10+</td>
<td>$150</td>
<td>45%</td>
<td>$126</td>
</tr>
</table>
<h2>Product Details</h2>
<p><strong>Packaging:</strong> 188 units per case (2 inner kits of 94). <a title=""Kit contents"" rel=""lightframe"" href=""/variety-meat-snack-types"">Kit contents<br /></a><strong>Average Price:</strong> $1.00 & $2.00<br /><strong>Delivery:</strong> 10-14 business days. <a title=""Free shipping"" rel=""lightframe"" href=""/beef-jerky-shipping"">Free shipping</a></p>
","","Product","1320687195","1566835383","","120","jl-10000005062","16500 ","","Variety Meat Snacks","","3 popular meat snacks, 1 beef jerky fundraiser. Perfect for concession stands."
"45","","$160.00","
 <tr><th>Quantity</th><th>1 - 4</th><th>5 - 9</th><th>10 - Unlimited</th> </tr>

 <tr class=""odd""><td>Price</td><td>$160.00</td><td>$153.00</td><td>$147.00</td> </tr>


","0","","https://bigfundraisingideas.com/sites/default/files/baseball-lollipop-fundraiser_2.png","Baseball Lollipop Fundraising Product cc-022600","Baseball Lollipop Fundraising Product cc-022600","<p>Baseball lollipops are a big seller for sports groups like Little League and Pony Baseball.</p>
<h2>Pricing & Profit</h2>
<table border=""0"">
<thead>
<tr align=""left"">
<td>Cases</td>
<td>Cost/Case</td>
<td>Profit</td>
<td>Profit/Case</td>
</tr>
</thead>
<tr align=""left"">
<td>1-4</td>
<td>$160</td>
<td>50%</td>
<td>$160</td>
</tr>
<tr align=""left"">
<td>5-9</td>
<td>$153</td>
<td>52%</td>
<td>$167</td>
</tr>
<tr align=""left"">
<td>10+</td>
<td>$147</td>
<td>54%</td>
<td>$173</td>
</tr>
</table>
<h2>Product Details</h2>
<p><strong>Packaging:</strong> 640 units per case (16 inner bags of 40). <a title=""Flavors"" rel=""lightframe"" href=""/baseball-lollipop-flavors "">Flavors</a><br /><strong>Unit Size: </strong>1.0 oz.<br /><strong>Average Price:</strong> 50¢<br /><strong>Delivery:</strong> 3-7 business days. <a title=""Free shipping"" rel=""lightframe"" href=""/lollipop-shipping"">Free shipping</a></p>
","","Product","1320713373","1566830392","","117","cc-022600","16000 ","","Baseball Lollipops","","Celebrate America’s Pastime. Perfect for your next little league fundraiser."
"50","","$20.00","
 <tr><th>Quantity</th><th>10 - 24</th><th>25 - 99</th><th>100 - Unlimited</th> </tr>

 <tr class=""odd""><td>Price</td><td>$20.00</td><td>$15.00</td><td>$10.00</td> </tr>


","0","60scratch","https://bigfundraisingideas.com/sites/default/files/scratch-cards-60_0.png","Scratch Card - scratchcard--60scratch","60 Dot Scratch Card","<p>With our <cite>60 dot scratch cards</cite>, supporters make a $0 to $2.50 donation by  scratching off dots in exchange for brand name <a rel=""lightframe"" href=""/scratch-card-savings-coupons"">savings coupons</a>.</p>
<h2>Pricing & Profit</h2>
<table border=""0"">
<thead>
<tr align=""left"">
<td>Cards</td>
<td>Cost/Card</td>
<td>Profit</td>
<td>Profit/Card</td>
</tr>
</thead>
<tr>
<td>10-24</td>
<td>$20</td>
<td>80%</td>
<td>$80</td>
</tr>
<tr>
<td>25-99</td>
<td>$15</td>
<td>85%</td>
<td>$85</td>
</tr>
<tr>
<td>100+</td>
<td>$10</td>
<td>90%</td>
<td>$90</td>
</tr>
</table>
<p>Once order is processed, allow a minimum of 7 business days for delivery.</p>
<h2>Product Details</h2>
<ul>
<li>Each card folds into a 4” x 6” card with the scratch dots inside.</li>
<li>Your group name and picture is placed on the cover.</li>
<li><a rel=""lightframe"" href=""/questions-about-selling-scratch-cards"">Scratch Card Questions</a></li>
<li><a rel=""lightframe"" href=""/payment-options"">Payment Options</a></li>
<li><a rel=""lightframe"" href=""/scratch-card-shipping"">Free Shipping</a></li>
</ul>
","","Scatch Cards","1321563933","1449680172","","","scratchcard--60scratch","2000 ","","Scratch Card Fundraiser","","Our scratch card fundraisers make collecting donations easy. Make up to 90% profit."
"51","","$180.00","
 <tr><th>Quantity</th><th>4 - 9</th><th>10 - 24</th><th>25 - Unlimited</th> </tr>

 <tr class=""odd""><td>Price</td><td>$180.00</td><td>$165.00</td><td>$150.00</td> </tr>


","0","","https://bigfundraisingideas.com/sites/default/files/travel_mug-edit.png","","Travel Mugs","<p>Our travel mugs can make your group up to 50% profit with <a title=""free shipping"" href=""/resource/mug-shipping-information"">free shipping</a> on all orders!</p>
<h3><strong>Pricing & Profit:</strong></h3>
<table border=""0"">
<tr>
<td>Cases</td>
<td>Cost/Case</td>
<td>Profit</td>
<td>You Make</td>
</tr>
<tr>
<td>4-9</td>
<td>$180</td>
<td>40%</td>
<td>$480-$1,080</td>
</tr>
<tr>
<td>10-24</td>
<td>$165</td>
<td>45%</td>
<td>$1,350-$3,240</td>
</tr>
<tr>
<td>25+</td>
<td>$150</td>
<td>50%</td>
<td>$3,750+</td>
</tr>
</table>
<h3><strong>Product Details:</strong></h3>
<ul>
<li><strong>Minimum Order:</strong> 4 Cases</li>
<li><strong>Packaging:</strong> 25 Mugs/Case</li>
<li><strong>Size:</strong> 16 oz. Mugs</li>
<li><strong>Suggested Sales Price:</strong> $12.00</li>
</ul>
<h3><strong>What you need to know:</strong></h3>
<ul>
<li>Your order will ship within 10 business days after artwork approval</li>
<li>Free shipping on reorders</li>
<li><a title=""Questions about mugs?"" href=""/resource/answers-questions-about-mugs"">Questions about Mugs?</a></li>
</ul>
<h3>Additional Information:</h3>
","https://bigfundraisingideas.com/sites/default/files/mug_overview_2.pdf, https://bigfundraisingideas.com/sites/default/files/sales_tracking_sheet.pdf","Product","1323209412","1392643631","","133","ST58-02","18000 ","","Discontinued Mugs","",""
"52","","$19.95","
 <tr><th>Quantity</th><th>1</th> </tr>

 <tr class=""odd""><td>Price</td><td>$19.95</td> </tr>


","0","","https://bigfundraisingideas.com/sites/default/files/popcorn-sample-pack_2.png","Popcorn Sample Pack SMPBELG","Popcorn Sample Pack","<p>Want to try our popcorn before placing your order? You can order our popcorn sample pack for $19.95 (shipping included) which contains:</p>
<table border=""0"">
<thead>
<tr align=""left"">
<td>Count</td>
<td>Flavor</td>
<td>Bag Size</td>
</tr>
</thead>
<tr>
<td>1</td>
<td>Buttered</td>
<td>1.75 oz</td>
</tr>
<tr>
<td>1</td>
<td>Cheese</td>
<td>3 oz</td>
</tr>
<tr>
<td>1</td>
<td>Caramel</td>
<td>6 oz</td>
</tr>
<tr>
<td>1</td>
<td>Cinnamon</td>
<td>6 oz</td>
</tr>
</table>
<p><strong>Delivery:</strong> 7-10 business days.</p>
","","Product","1334001001","1566833653","","119","SMPBELG","1995 ","","Popcorn Sample Pack","","Go ahead, try our popcorn first. We're so confident you’ll love it, we’ll deliver your sample pack for only $19.95."
"53","","$9.95","
 <tr><th>Quantity</th><th>1</th> </tr>

 <tr class=""odd""><td>Price</td><td>$9.95</td> </tr>


","0","","https://bigfundraisingideas.com/sites/default/files/plumeria-free.png","","Free Candle","<p>Experience an Angelic Candle firsthand before you decide on a fundraiser. We’re so confident you’ll love it that our 8 oz Angelic Candle is free! Just pay $9.95 shipping and handling.</p>
","","Product","1336507150","1379798800","","","smc-BE","995 ","","Free Candle","",""
"62","","$156.00","
 <tr><th>Quantity</th><th>1 - 9</th><th>10 - 24</th><th>25 - 49</th><th>50 - Unlimited</th> </tr>

 <tr class=""odd""><td>Price</td><td>$156.00</td><td>$144.00</td><td>$132.00</td><td>$120.00</td> </tr>


","0","","https://bigfundraisingideas.com/sites/default/files/hersheys-assortment-fundraiser.png","Hershey’s Assortment Candy Fundraiser vwc-39938","Hershey’s Assortment Candy Fundraiser","<p>Hershey's Assortment offers a variety of popular name-brand candies.</p>
<h2>Pricing & Profit</h2>
<table border=""0"">
<thead>
<tr align=""left"">
<td>Cases</td>
<td>Cost/Case</td>
<td>Profit</td>
<td>Profit/Case</td>
</tr>
</thead>
<tr>
<td>1-9</td>
<td>$156</td>
<td>35%</td>
<td>$84</td>
</tr>
<tr>
<td>10-24</td>
<td>$144</td>
<td>40%</td>
<td>$96</td>
</tr>
<tr>
<td>25-49</td>
<td>$132</td>
<td>45%</td>
<td>$108</td>
</tr>
<tr>
<td>50+</td>
<td>$120</td>
<td>50%</td>
<td>$120</td>
</tr>
</table>
<h2>Product Details</h2>
<p><strong>Packaging:</strong> 120 units per case (4 inner carriers of 30). <a title=""Carrier contents"" rel=""lightframe"" href=""/hersheys-assortment-flavors"">Carrier contents</a><br /><strong><strong>Average Price</strong>:</strong> $2.00<br /><strong>Delivery: </strong>3-7 business days. <a title=""Free Shipping"" rel=""lightframe"" href=""/candy-bar-shipping"">Free Shipping</a></p>
","","Product","1344634057","1566831881","","118","vwc-39938","15600 ","","Hershey's Assortment","","Sell Hershey's Chocolate w/ Almonds®, Reese's Peanut Butter Cups®, Twizzlers® and Kit Kats®."
"67","12","$260.00","
 <tr><th>Quantity</th><th>4 - 9</th><th>10 - 24</th><th>25 - Unlimited</th> </tr>

 <tr class=""odd""><td>Price</td><td>$260.00</td><td>$238.00</td><td>$216.00</td> </tr>


","0","","https://bigfundraisingideas.com/sites/default/files/handle-mug-fundraiser_0.png","Handle Mug Fundraising Product STLMUGMW","Handle Mug Fundraising Product","<p>Sell your personalized handle mugs designed with your mascot, name and coloring. These mugs are brushed stainless steel, double-wall constructed, and come with a matching black screw-on spill-resistant lid and handle. <a title=""Opens in new window"" href=""/contact/handle-mug-design-form"" target=""_blank"">Design your mug</a></p>
<h2>Case Pricing</h2>
<table border=""0"">
<thead>
<tr align=""left"">
<td>Cases</td>
<td>Cost/Case</td>
<td>Profit</td>
<td>Profit/Case</td>
</tr>
</thead>
<tbody>
<tr>
<td>4-9</td>
<td>$260</td>
<td>40%</td>
<td>$172</td>
</tr>
<tr>
<td>10-24</td>
<td>$238</td>
<td>45%</td>
<td>$194</td>
</tr>
<tr>
<td>25+</td>
<td>$216</td>
<td>50%</td>
<td>$216</td>
</tr>
</tbody>
</table>
<h2>Product Details</h2>
<p><strong>Packaging:</strong> 36 items per case<br /><strong>Minimum Order:</strong> 4 cases<br /><strong>Item Size:</strong> 16 oz.<br /><strong>Average Price:</strong> $12.00<br /><strong>Delivery:</strong> Ships within 10 business days after artwork approved. <a title=""Free shipping"" rel=""lightframe"" href=""/mug-shipping"">Free shipping</a></p>
","","Product","1365087686","1614466814","165","133","STLMUGMW","26000 ","","Handle Mugs","36","Stand apart and promote school spirit and pride with a custom mug fundraiser."
"68","","$144.00","
 <tr><th>Quantity</th><th>1 - 4</th><th>5 - 9</th><th>10 - Unlimited</th> </tr>

 <tr class=""odd""><td>Price</td><td>$144.00</td><td>$138.00</td><td>$133.00</td> </tr>


","0","","https://bigfundraisingideas.com/sites/default/files/shockwaves-sour-pops-fundraiser_0.png","Shockwaves Sour Pops Fundraiser vwc-65005","Shockwaves Sour Pops Fundraiser","<p>Shockwaves Sour Pops are refreshingly fruity but have a powerful sour kick.</p>
<h2>Pricing & Profit</h2>
<table border=""0"">
<thead>
<tr align=""center"" valign=""middle"">
<td>Cases</td>
<td>Cost/Case</td>
<td>Profit</td>
<td>Profit/Case</td>
</tr>
</thead>
<tr align=""left"">
<td>1-4</td>
<td>$144</td>
<td>50%</td>
<td>$144</td>
</tr>
<tr align=""left"">
<td>5-9</td>
<td>$138</td>
<td>52%</td>
<td>$150</td>
</tr>
<tr align=""left"">
<td>10+</td>
<td>$133</td>
<td>54%</td>
<td>$155</td>
</tr>
</table>
<h2>Product Details</h2>
<p><strong>Packaging:</strong> 576 units per case (8 inner carriers of 72). <a title=""Flavors"" rel=""lightframe"" href=""/shockwaves-sour-pop-flavors"">Flavors</a><br /><strong>Unit Size: </strong>0.9 oz.<br /><strong>Average Price:</strong> 50¢<br /><strong>Delivery:</strong> 3-7 business days. <a title=""Free shipping"" rel=""lightframe"" href=""/lollipop-shipping"">Free shipping</a></p>
","","Product","1370032595","1566834098","","117","vwc-65005","14400 ","","Shockwaves Sour Pops","","Bring out your sour. Comes in a convenient seller carrier with 6 lip-smacking flavors."
"69","","$144.00","
 <tr><th>Quantity</th><th>1 - 4</th><th>5 - 9</th><th>10 - Unlimited</th> </tr>

 <tr class=""odd""><td>Price</td><td>$144.00</td><td>$138.00</td><td>$133.00</td> </tr>


","0","","https://bigfundraisingideas.com/sites/default/files/creme-de-la-creme-pops-fundraiser_0.png","Crème de la Crème Pops Fundraiser vwc-75005","Crème de la Crème Pops Fundraiser","<p>Crème de la Crème pops add real cream to already delightfully fruity lollipops.</p>
<h2>Pricing & Profit</h2>
<table border=""0"">
<thead>
<tr align=""center"" valign=""middle"">
<td>Cases</td>
<td>Cost/Case</td>
<td>Profit</td>
<td>Profit/Case</td>
</tr>
</thead>
<tr align=""left"">
<td>1-4</td>
<td>$144</td>
<td>50%</td>
<td>$144</td>
</tr>
<tr align=""left"">
<td>5-9</td>
<td>$138</td>
<td>52%</td>
<td>$150</td>
</tr>
<tr align=""left"">
<td>10+</td>
<td>$133</td>
<td>54%</td>
<td>$155</td>
</tr>
</table>
<h2>Product Details</h2>
<p><strong>Packaging:</strong> 576 units per case (8 inner carriers of 72). <a title=""Flavors"" rel=""lightframe"" href=""/creme-de-la-creme-pop-flavors"">Flavors</a><br /><strong>Unit Size: </strong>0.9 oz.<br /><strong>Average Price:</strong> 50¢<br /><strong>Delivery:</strong> 3-7 business days. <a title=""Free shipping"" rel=""lightframe"" href=""/lollipop-shipping"">Free shipping</a></p>
","","Product","1370033281","1566831121","","117","vwc-75005","14400 ","","Crème de la Crème Pops","","The crème of the pop. Includes 6 velvety-smooth flavors, like strawberries & cream."
"70","","$144.00","
 <tr><th>Quantity</th><th>1 - 4</th><th>5 - 9</th><th>10 - Unlimited</th> </tr>

 <tr class=""odd""><td>Price</td><td>$144.00</td><td>$138.00</td><td>$133.00</td> </tr>


","0","","https://bigfundraisingideas.com/sites/default/files/funky-fruit-pops-fundraiser_0.png","Funky Fruit Pops Fundraiser vwc-84012","Funky Fruit Pops Fundraiser","<p>Funky Fruit Pops are flavorful fruity lollipops with a chewy surprise in the middle.</p>
<h2>Pricing & Profit</h2>
<table border=""0"">
<thead>
<tr align=""center"" valign=""middle"">
<td>Cases</td>
<td>Cost/Case</td>
<td>Profit</td>
<td>Profit/Case</td>
</tr>
</thead>
<tr align=""left"">
<td>1-4</td>
<td>$144</td>
<td>50%</td>
<td>$144</td>
</tr>
<tr align=""left"">
<td>5-9</td>
<td>$138</td>
<td>52%</td>
<td>$150</td>
</tr>
<tr align=""left"">
<td>10+</td>
<td>$133</td>
<td>54%</td>
<td>$155</td>
</tr>
</table>
<h2>Product Details</h2>
<p><strong>Packaging:</strong> 576 units per case (8 inner carriers of 72). <a title=""Flavors"" rel=""lightframe"" href=""/funky-fruit-pop-flavors"">Flavors</a><br /><strong>Unit Size: </strong>0.9 oz.<br /><strong>Average Price:</strong> 50¢<br /><strong>Delivery:</strong> 3-7 business days. <a title=""Free shipping"" rel=""lightframe"" href=""/lollipop-shipping"">Free shipping</a></p>
","","Product","1370034424","1566831434","","117","vwc-84012","14400 ","","Funky Fruit Pops","","Get your funk on. 6 fruity flavors that come with a chewy surprise in the middle."
"71","","$144.00","
 <tr><th>Quantity</th><th>1 - 4</th><th>5 - 9</th><th>10 - Unlimited</th> </tr>

 <tr class=""odd""><td>Price</td><td>$144.00</td><td>$138.00</td><td>$133.00</td> </tr>


","0","","https://bigfundraisingideas.com/sites/default/files/van-wyk-mega-rounds-fundraiser_0.png","Van Wyk Mega Rounds Fundraiser vwc-93078","Van Wyk Mega Rounds Fundraiser","<p>Van Wyk Mega Rounds offer 12 of our best selling lollipop flavors.</p>
<h2>Pricing & Profit</h2>
<table border=""0"">
<thead>
<tr align=""center"" valign=""middle"">
<td>Cases</td>
<td>Cost/Case</td>
<td>Profit</td>
<td>Profit/Case</td>
</tr>
</thead>
<tr align=""left"">
<td>1-4</td>
<td>$144</td>
<td>50%</td>
<td>$144</td>
</tr>
<tr align=""left"">
<td>5-9</td>
<td>$138</td>
<td>52%</td>
<td>$150</td>
</tr>
<tr align=""left"">
<td>10+</td>
<td>$133</td>
<td>54%</td>
<td>$155</td>
</tr>
</table>
<h2>Product Details</h2>
<p><strong>Packaging:</strong> 576 units per case (8 inner carriers of 72). <a title=""Flavors"" rel=""lightframe"" href=""/van-wyk-mega-round-flavors"">Flavors</a><br /><strong>Unit Size: </strong>0.9 oz.<br /><strong>Average Price:</strong> 50¢<br /><strong>Delivery:</strong> 3-7 business days. <a title=""Free shipping"" rel=""lightframe"" href=""/lollipop-shipping"">Free shipping</a></p>
","","Product","1370036789","1566835334","","117","vwc-93078","14400 ","","Van Wyk Mega Rounds","","Focus on the MVPs. Offer several top sellers, like Blue Raspberry and Bubble Gum. "
"73","","$20.00","
 <tr><th>Quantity</th><th>10 - 24</th><th>25 - 99</th><th>100 - Unlimited</th> </tr>

 <tr class=""odd""><td>Price</td><td>$20.00</td><td>$15.00</td><td>$10.00</td> </tr>


","0","","https://bigfundraisingideas.com/sites/default/files/60-edit3_0.jpg","","Scratch Card Fundraiser","<p>Scratch card fundraisers are fully customizable, earn up to 90%   profit and are so easy to do! With the 60 dot card supporters make a $1  to $5 donation by  scratching off dots in exchange for valuable  brand  name <a title=""savings coupons"" href=""/resource/scratch-card-savings-coupons"">savings coupons</a> and each card earns your group a total of $100.00! We recommend 1-2 scratch  cards per seller. Minimum order is 10 cards.</p>
<ul>
<li>You receive <a title=""free shipping"" href=""/resource/scratch-card-shipping-information"">free shipping</a></li>
<li>Our <a title=""Return Policy"" href=""/resource/scratch-card-return-policy"">Return Policy</a></li>
</ul>
<table border=""0"">
<tr align=""center"">
<td>Cards Ordered</td>
<td>Cost per Card</td>
<td>Profit</td>
<td>Earnings</td>
</tr>
<tr>
<td>10-24</td>
<td>$20</td>
<td>80%</td>
<td>$800-$1,920</td>
</tr>
<tr>
<td>25-99</td>
<td>$15</td>
<td>85%</td>
<td>$2,125-$8,415</td>
</tr>
<tr>
<td>100+</td>
<td>$10</td>
<td>90%</td>
<td>$9,000+</td>
</tr>
</table>
","https://bigfundraisingideas.com/sites/default/files/sales_tracking_sheet_45.pdf, https://bigfundraisingideas.com/sites/default/files/scratch_card_overview_2.pdf","Product","1375896388","1379800867","","","scratchcard-60dot","2000 ","","Scratch Cards - 60 Dot","",""
"75","","$20.00","
 <tr><th>Quantity</th><th>10 - 24</th><th>25 - 99</th><th>100 - Unlimited</th> </tr>

 <tr class=""odd""><td>Price</td><td>$20.00</td><td>$15.00</td><td>$10.00</td> </tr>


","0","","https://bigfundraisingideas.com/sites/default/files/30-edit3_0.jpg","","Scratch Card Fundraiser","<p>Scratch card fundraisers are fully customizable, earn up to 90%    profit and are so easy to do! With the 30 dot card supporters make a $1   to $5 donation by  scratching off dots in exchange for valuable  brand   name <a title=""savings coupons"" href=""/resource/scratch-card-savings-coupons"">savings coupons</a> and each card earns your group a total of $100.00! We recommend 1-2 scratch  cards per seller. Minimum order is 10 cards.</p>
<ul>
<li>You receive <a title=""free shipping"" href=""/resource/scratch-card-shipping-information"">free shipping</a></li>
<li>Our <a title=""Return Policy"" href=""/resource/scratch-card-return-policy"">Return Policy</a></li>
</ul>
<table border=""0"">
<tr align=""center"">
<td>Cards Ordered</td>
<td>Cost per Card</td>
<td>Profit</td>
<td>Earnings</td>
</tr>
<tr>
<td>10-24</td>
<td>$20</td>
<td>80%</td>
<td>$800-$1,920</td>
</tr>
<tr>
<td>25-99</td>
<td>$15</td>
<td>85%</td>
<td>$2,125-$8,415</td>
</tr>
<tr>
<td>100+</td>
<td>$10</td>
<td>90%</td>
<td>$9,000+</td>
</tr>
</table>
","https://bigfundraisingideas.com/sites/default/files/sales_tracking_sheet_44.pdf, https://bigfundraisingideas.com/sites/default/files/scratch_card_overview.pdf","Product","1375900807","1379800843","","","scratchcard-30dot","2000 ","","Scratch Cards - 30 Dot","",""
"76","12","$260.00","
 <tr><th>Quantity</th><th>4 - 9</th><th>10 - 24</th><th>25 - Unlimited</th> </tr>

 <tr class=""odd""><td>Price</td><td>$260.00</td><td>$238.00</td><td>$216.00</td> </tr>


","0","","https://bigfundraisingideas.com/sites/default/files/travel-tumbler-fundraiser.png","Travel Tumbler Fundraising Product TUMBLER14PMW","Travel Tumbler Fundraising Product","<p>Sell your personalized travel tumblers designed with your mascot, name and  coloring. Our tumblers are brushed stainless steel, double-wall  constructed and come with a matching black twist-on slide-lock lid and  tapered bottom. <a title=""Opens in new window"" href=""/contact/travel-tumbler-design-form"" target=""_blank"">Design your tumbler</a></p>
<h2>Case Pricing</h2>
<table border=""0"">
<thead>
<tr align=""left"">
<td>Cases</td>
<td>Cost/Case</td>
<td>Profit</td>
<td>Profit/Case</td>
</tr>
</thead>
<tbody>
<tr>
<td>4-9</td>
<td>$260</td>
<td>40%</td>
<td>$172</td>
</tr>
<tr>
<td>10-24</td>
<td>$238</td>
<td>45%</td>
<td>$194</td>
</tr>
<tr>
<td>25+</td>
<td>$216</td>
<td>50%</td>
<td>$216</td>
</tr>
</tbody>
</table>
<h2>Product Details</h2>
<p><strong>Packaging:</strong> 36 items per case<br /><strong>Minimum Order:</strong> 4 cases<br /><strong>Item Size:</strong> 16 oz.<br /><strong>Average Price:</strong> $12.00<br /><strong>Delivery:</strong> Ships within 10 business days after artwork approved. <a title=""Free shipping"" rel=""lightframe"" href=""/mug-shipping"">Free shipping</a></p>
","","Product","1378861604","1614467349","166","133","118P","26000 ","","Travel Tumblers","36","Offer a sleek stainless custom school tumbler. Comes with an easy twist-on slide-lock lid."
"78","","$275.00","
 <tr><th>Quantity</th><th>1 - 24</th><th>25 - Unlimited</th> </tr>

 <tr class=""odd""><td>Price</td><td>$275.00</td><td>$250.00</td> </tr>


","0","","https://bigfundraisingideas.com/sites/default/files/classic_smencils-edit2.png","","","<p>‘Classic Smencils’ are made from 100% recycled newspapers and plastic  and can make your group up to 50% profit with <a title=""free shipping"" href=""/resource/smencil-shipping-information"">free shipping</a> on all  orders!</p>
<h3><strong>Pricing & Profit:</strong></h3>
<table border=""0"">
<tr>
<td>Cases</td>
<td>Cost/Case</td>
<td>Profit</td>
<td>You Make</td>
</tr>
<tr>
<td>1-24</td>
<td>$275</td>
<td>45%</td>
<td>$225-$5,400</td>
</tr>
<tr>
<td>25+</td>
<td>$250</td>
<td>50%</td>
<td>$6,250+</td>
</tr>
</table>
<h3><strong>Product Details:</strong></h3>
<ul>
<li><strong>Minimum Order:</strong> 1 CaseAverage Price</li>
<li><strong>:</strong> $1.00</li>
</ul>
<table border=""0"">
<tr align=""center"">
<td colspan=""2"">'Classic Smencil' Scents</td>
</tr>
<tr>
<td>Grape</td>
<td>Bubble Gum</td>
</tr>
<tr>
<td>Cinnamon</td>
<td>Rootbeer</td>
</tr>
<tr>
<td>Orange</td>
<td>Tropical Blast</td>
</tr>
<tr>
<td>Watermelon</td>
<td>Cotton Candy</td>
</tr>
<tr>
<td>Very Berry</td>
<td>Black Cherry</td>
</tr>
</table>
<h3><strong>What you need to know:</strong></h3>
<ul>
<li>Orders typically ship within 24 hours</li>
<li>Free shipping on reorders</li>
<li><a title=""Questions about Smencils?"" href=""/resource/answers-questions-about-smencils"">Questions about Smencils?</a></li>
</ul>
<h3><strong>Additional Information:</strong></h3>
","https://bigfundraisingideas.com/sites/default/files/purchase_order_form_4.pdf, https://bigfundraisingideas.com/sites/default/files/sales_tracking_sheet_48.pdf, https://bigfundraisingideas.com/sites/default/files/smencil_overview_1.pdf","Product","1379449947","1566830953","","135","C10-B50-T0000","27500 ","","Classic Smencils","",""
"80","","$275.00","
 <tr><th>Quantity</th><th>1 - 24</th><th>25 - Unlimited</th> </tr>

 <tr class=""odd""><td>Price</td><td>$275.00</td><td>$250.00</td> </tr>


","0","","https://bigfundraisingideas.com/sites/default/files/colored_smencils-edit.png","","","<p>‘Colored Smencils’ are made from 100% recycled newspapers and plastic  and can make your group up to 50% profit with <a title=""free shipping"" href=""/resource/smencil-shipping-information"">free shipping</a> on all  orders!</p>
<h3><strong>Pricing & Profit:</strong></h3>
<table border=""0"">
<tr>
<td>Cases</td>
<td>Cost/Case</td>
<td>Profit</td>
<td>You Make</td>
</tr>
<tr>
<td>1-24</td>
<td>$275</td>
<td>45%</td>
<td>$225-$5,400</td>
</tr>
<tr>
<td>25+</td>
<td>$250</td>
<td>50%</td>
<td>$6,250+</td>
</tr>
</table>
<h3><strong>Product Details:</strong></h3>
<ul>
<li><strong>Minimum Order:</strong> 1 Case</li>
<li><strong>Packaging:</strong> 500 Smencils/Case (10 buckets of 50)</li>
<li><strong>Average Price:</strong> $1.00</li>
</ul>
<table border=""0"">
<tr align=""center"">
<td colspan=""2"">'Colored Smencil' Scents</td>
</tr>
<tr>
<td>Gum-E Bear</td>
<td>Juicy Melon</td>
</tr>
<tr>
<td>Cherry Vanilla</td>
<td>Kinda Cola</td>
</tr>
<tr>
<td>Pom Paya</td>
<td>Sorta Soda</td>
</tr>
<tr>
<td>Pear</td>
<td>Razzle Berry</td>
</tr>
<tr>
<td>Blueberry Syrup</td>
<td>Black Berry</td>
</tr>
</table>
<h3><strong>What you need to know:</strong></h3>
<ul>
<li>Orders typically ship within 24 hours</li>
<li>Free shipping on reorders</li>
<li><a title=""Questions about Smencils?"" href=""/resource/answers-questions-about-smencils"">Questions about Smencils?</a></li>
</ul>
<h3><strong>Additional Information:</strong></h3>
","https://bigfundraisingideas.com/sites/default/files/purchase_order_form_7.pdf, https://bigfundraisingideas.com/sites/default/files/sales_tracking_sheet_50.pdf, https://bigfundraisingideas.com/sites/default/files/smencil_overview_4.pdf","Product","1379527981","1566831062","","135","C10-B50-T4000","27500 ","","Colored Smencils","",""
"82","","$275.00","
 <tr><th>Quantity</th><th>1 - 24</th><th>25 - Unlimited</th> </tr>

 <tr class=""odd""><td>Price</td><td>$275.00</td><td>$250.00</td> </tr>


","0","","https://bigfundraisingideas.com/sites/default/files/soccer_smencils-edit.png","","","<p>‘Soccer Smencils’ are made from 100% recycled newspapers and plastic  and can make your group up to 50% profit with <a title=""free shipping"" href=""/resource/smencil-shipping-information"">free shipping</a> on all orders!</p>
<h3><strong>Pricing & Profit:</strong></h3>
<table border=""0"">
<tr>
<td>Cases</td>
<td>Cost/Case</td>
<td>Profit</td>
<td>You Make</td>
</tr>
<tr>
<td>1-24</td>
<td>$275</td>
<td>45%</td>
<td>$225-$5,400</td>
</tr>
<tr>
<td>25+</td>
<td>$250</td>
<td>50%</td>
<td>$6,250+</td>
</tr>
</table>
<h3><strong>Product Details:</strong></h3>
<ul>
<li><strong>Minimum Order:</strong> 1 Case</li>
<li><strong>Packaging:</strong> 500 Smencils/Case (10 buckets of 50)</li>
<li><strong>Average Price:</strong> $1.00</li>
</ul>
<table border=""0"">
<tr align=""center"">
<td colspan=""2"">'Soccer Smencil' Scents</td>
</tr>
<tr>
<td>Gum-E Bear</td>
<td>Juicy Melon</td>
</tr>
<tr>
<td>Cherry Vanilla</td>
<td>Kinda Cola</td>
</tr>
<tr>
<td>Pom Paya</td>
<td>Sorta Soda</td>
</tr>
<tr>
<td>Pear</td>
<td>Razzle Berry</td>
</tr>
<tr>
<td>Blueberry Syrup</td>
<td>Black Berry</td>
</tr>
</table>
<h3><strong>What you need to know:</strong></h3>
<ul>
<li>Orders typically ship within 24 hours</li>
<li>Free shipping on reorders</li>
<li><a title=""Questions about Smencils?"" href=""/resource/answers-questions-about-smencils"">Questions about Smencils?</a></li>
</ul>
<h3><strong>Additional Information:</strong></h3>
","https://bigfundraisingideas.com/sites/default/files/purchase_order_form_6.pdf, https://bigfundraisingideas.com/sites/default/files/sales_tracking_sheet_52.pdf, https://bigfundraisingideas.com/sites/default/files/smencil_overview_3.pdf","Product","1379528914","1566834393","","135","C10-B50-T2500FTC","27500 ","","Soccer Smencils","",""
"83","","$198.00","
 <tr><th>Quantity</th><th>1 - Unlimited</th> </tr>

 <tr class=""odd""><td>Price</td><td>$198.00</td> </tr>


","0","","https://bigfundraisingideas.com/sites/default/files/smarkers-edit.png","","","<p>‘Smarkers’ are made from 100% recycled newspapers and plastic   and can make your group up to 50% profit with <a title=""free shipping"" href=""/resource/smencil-shipping-information"">free shipping</a> on all  orders!</p>
<h3><strong>Pricing & Profit:</strong></h3>
<table border=""0"">
<tr>
<td>Cases</td>
<td>Cost/Case</td>
<td>Profit</td>
<td>You Make</td>
</tr>
<tr>
<td>1+</td>
<td>$198</td>
<td>45%</td>
<td>$162+</td>
</tr>
</table>
<h3><strong>Product Details:</strong></h3>
<ul>
<li><strong>Minimum Order:</strong> 1 Case</li>
<li><strong>Packaging:</strong> 240 Smarkers/Case (6 buckets of 40)</li>
<li><strong>Average Price:</strong> $1.50</li>
</ul>
<table border=""0"">
<tr align=""center"">
<td colspan=""2"">'Smarker' Scents</td>
</tr>
<tr>
<td>Grape</td>
<td>Bubble Gum</td>
</tr>
<tr>
<td>Cherry Vanilla</td>
<td>Rootbeer</td>
</tr>
<tr>
<td>Orange Soda</td>
<td>Lemon Lime Fizz</td>
</tr>
<tr>
<td>Watermelon</td>
<td>Cotton Candy</td>
</tr>
<tr>
<td>Blueberry Syrup</td>
<td>Black Cherry</td>
</tr>
</table>
<h3><strong>What you need to know:</strong></h3>
<ul>
<li>Orders typically ship within 24 hours</li>
<li>Free shipping on reorders</li>
<li><a title=""Questions about Smencils?"" href=""/resource/answers-questions-about-smencils"">Questions about Smencils?</a></li>
</ul>
<h3><strong>Additional Information:</strong></h3>
","https://bigfundraisingideas.com/sites/default/files/purchase_order_form_3.pdf, https://bigfundraisingideas.com/sites/default/files/sales_tracking_sheet_53.pdf, https://bigfundraisingideas.com/sites/default/files/smencil_overview_0.pdf","Product","1379623985","1566834215","","135","C10-B40-K7000","19800 ","","Smarkers","",""
"84","","$200.00","
 <tr><th>Quantity</th><th>1 - Unlimited</th> </tr>

 <tr class=""odd""><td>Price</td><td>$200.00</td> </tr>


","0","","https://bigfundraisingideas.com/sites/default/files/smanimals-fundraiser_0.png","Smanimals fundraiser C20-M-Assort","Smanimals fundraiser","<p>Smanimals are stuffed with soft stuffing and environmentally friendly scented clay beads. They also display well in concession stands.</p>
<h2>Pricing & Profit</h2>
<table border=""0"">
<thead>
<tr align=""left"">
<td>Cases</td>
<td>Cost/Case</td>
<td>Profit</td>
<td>Profit/Case</td>
</tr>
</thead>
<tr>
<td>1+</td>
<td>$200</td>
<td>33%</td>
<td>$100</td>
</tr>
</table>
<h2>Product Details</h2>
<p><strong>Packaging:</strong> 20 units per case (2 inner countertop displays of 10).  <a title=""Scents"" rel=""lightframe"" href=""/smanimal-scents""> Scents</a><br /><strong>Size:</strong> 6""<br /><strong>Average Price:</strong> $15.00<br /><strong>Delivery:</strong> 4-7 business days. <a title=""Free shipping"" rel=""lightframe"" href=""/smanimal-shipping"">Free shipping</a></p>
","","Product","1379625862","1566834149","","135","C20-M-Assort","20000 ","","Smanimals","","Earth-friendly scented stuffed animals. Displays well in concession stands."
"135","","$300.00","
 <tr><th>Quantity</th><th>1 - 3</th><th>4 - 9</th><th>10 - Unlimited</th> </tr>

 <tr class=""odd""><td>Price</td><td>$300.00</td><td>$275.00</td><td>$250.00</td> </tr>


","0","","https://bigfundraisingideas.com/sites/default/files/spirit-mug-fundraiser_0.png","Spirit Mug Fundraiser 16191","Spirit Mug Fundraiser","<p>Sell your personalized spirit mugs designed with your mascot, name and colors. These thermal mugs keep liquid hot or cold and come with a matching black open-and-seal spill-proof lid and handle.</p>
<h2>Pricing & Profit</h2>
<table border=""0"">
<thead>
<tr align=""left"">
<td>Cases</td>
<td>Cost/Case</td>
<td>Profit</td>
<td>Profit/Case</td>
</tr>
</thead>
<tr>
<td>1-3</td>
<td>$300</td>
<td>40%</td>
<td>$200</td>
</tr>
<tr>
<td>4-9</td>
<td>$275</td>
<td>45%</td>
<td>$225</td>
</tr>
<tr>
<td>10+</td>
<td>$250</td>
<td>50%</td>
<td>$250</td>
</tr>
</table>
<h2>Product Details</h2>
<p><strong>Packaging:</strong> 36 units per case<br /><strong>Unit Size:</strong> 16 oz.<br /><strong><strong>Average Price</strong>:</strong> $12.00<br /><strong>Delivery:</strong> Ships within 10 business days after artwork approved. <a title=""Free shipping"" rel=""lightframe"" href=""/mug-shipping"">Free shipping</a></p>
","","Product","1393364298","1566834536","164","133","16191","30000 ","","Spirit Mugs","","Our spirit mug fundraisers come with a matching black open-and-seal spill-proof lid & handle.<a class=""button"" href=""/custom-mug-fundraisers/spirit-mugs"">Learn more </a>"
"136","","$232.00","
 <tr><th>Quantity</th><th>2 - 3</th><th>4 - 9</th><th>10 - Unlimited</th> </tr>

 <tr class=""odd""><td>Price</td><td>$232.00</td><td>$212.00</td><td>$192.00</td> </tr>


","0","","https://bigfundraisingideas.com/sites/default/files/car-mug-fundraiser_0.png","Car Mug Fundraiser 902","Car Mug Fundraiser","<p>Sell your personalized car mugs designed with your mascot, name and colors. These thermal mugs keep liquid hot or cold and come with a matching black open-and-seal spill-proof lid and handle.</p>
<h2>Pricing & Profit</h2>
<table border=""0"">
<thead>
<tr align=""left"">
<td>Cases</td>
<td>Cost/Case</td>
<td>Profit</td>
<td>Profit/Case</td>
</tr>
</thead>
<tr>
<td>2-3</td>
<td>$232</td>
<td>40%</td>
<td>$152</td>
</tr>
<tr>
<td>4-9</td>
<td>$212</td>
<td>45%</td>
<td>$172</td>
</tr>
<tr>
<td>10+</td>
<td>$192</td>
<td>50%</td>
<td>$192</td>
</tr>
</table>
<h2>Product Details</h2>
<p><strong>Packaging:</strong> 32 units per case<br /><strong>Unit Size:</strong> 20 oz.<br /><strong><strong>Average Price</strong>:</strong> $12.00<br /><strong>Delivery:</strong> Ships within 10 business days after artwork approved. <a title=""Free shipping"" rel=""lightframe"" href=""/mug-shipping"">Free shipping</a></p>
","","Product","1393364584","1566830324","163","133","902","23200 ","","Car Mugs","","Your personalized 20 oz. thermally-insulated school mugs also fits in car cup holders.<a class=""button"" href=""/custom-mug-fundraisers/car-mugs"">Learn more </a>"
"142","","$120.00","
 <tr><th>Quantity</th><th>1 - 9</th><th>10 - 24</th><th>25 - 49</th><th>50 - Unlimited</th> </tr>

 <tr class=""odd""><td>Price</td><td>$120.00</td><td>$115.00</td><td>$108.00</td><td>$100.00</td> </tr>


","0","","https://bigfundraisingideas.com/sites/default/files/double-dipped-pretzel-rods-fundraiser_0.png","Double-Dipped Pretzel Rods Fundraiser vwc-24300","Double-Dipped Pretzel Rods Fundraiser","<p>Double-Dipped Pretzel Rods offer more profit and twice the chocolate and toppings as our regular pretzel rods.</p>
<h2>Pricing & Profit</h2>
<table border=""0"">
<thead>
<tr align=""left"">
<td>Cases</td>
<td>Cost/Case</td>
<td>Profit</td>
<td>Profit/Case</td>
</tr>
</thead>
<tr>
<td>1-9</td>
<td>$120</td>
<td>50%</td>
<td>$120</td>
</tr>
<tr>
<td>10-24</td>
<td>$115</td>
<td>52%</td>
<td>$125</td>
</tr>
<tr>
<td>25-49</td>
<td>$108</td>
<td>55%</td>
<td>$132</td>
</tr>
<tr>
<td>50+</td>
<td>$100</td>
<td>58%</td>
<td>$140</td>
</tr>
</table>
<h2>Product Details</h2>
<p><strong>Packaging:</strong> 120 units per case (4 inner carriers of 30). <a title=""Carrier contents"" rel=""lightframe"" href=""/double-dipped-pretzel-rod-flavors"">Carrier contents</a><br /><strong>Unit Size:</strong> 8” (1.3 oz.)<br /><strong>Average Price:</strong> $2.00<br /><strong>Delivery:</strong> 3-7 business days. <a title=""Free shipping"" rel=""lightframe"" href=""/pretzel-rod-shipping"">Free shipping</a></p>
","","Product","1405512799","1566831284","","172","vwc-24300","12000 ","","Double-Dipped Pretzel Rods","","Our $2.00 double-dipped pretzel rod fundraiser offers more profit and twice the toppings."
"143","","$144.00","
 <tr><th>Quantity</th><th>1 - 9</th><th>10 - 24</th><th>25 - 49</th><th>50 - Unlimited</th> </tr>

 <tr class=""odd""><td>Price</td><td>$144.00</td><td>$132.00</td><td>$125.00</td><td>$120.00</td> </tr>


","0","","https://bigfundraisingideas.com/sites/default/files/healthy-kids-pretzel-rods-fundraiser.png","Healthy Kids Pretzel Rods Fundraiser vwc-83008","Healthy Kids Pretzel Rods Fundraiser","<p>Healthy Kids Pretzel Rods are drizzled in milk chocolate and rainbow sprinkles and meet the nutrition requirements to be sold on campus during school hours.</p>
<h2>Pricing & Profit</h2>
<table border=""0"">
<thead>
<tr align=""left"">
<td>Cases</td>
<td>Cost/Case</td>
<td>Profit</td>
<td>Profit/Case</td>
</tr>
</thead>
<tr>
<td>1-9</td>
<td>$144</td>
<td>40%</td>
<td>$96</td>
</tr>
<tr>
<td>10-24</td>
<td>$132</td>
<td>45%</td>
<td>$108</td>
</tr>
<tr>
<td>25-49</td>
<td>$125</td>
<td>48%</td>
<td>$115</td>
</tr>
<tr>
<td>50+</td>
<td>$120</td>
<td>50%</td>
<td>$120</td>
</tr>
</table>
<h2>Product Details</h2>
<p><strong>Packaging:</strong> 240 units per case (8 inner carriers of 30)<br /><strong>Unit Size:</strong> 8” (0.5 oz.)<br /><strong>Average Price:</strong> $1.00<br /><strong>Delivery:</strong> 3-7 business days. <a title=""Free shipping"" rel=""lightframe"" href=""/pretzel-rod-shipping"">Free shipping</a></p>
","","Product","1405516416","1566831800","","172","vwc-83008","14400 ","","Healthy Kids Pretzel Rods","","Meets nutrition requirements as an on campus fundraiser. Fewer calories, fat, sugar and sodium."
"144","","$144.00","
 <tr><th>Quantity</th><th>1 - 9</th><th>10 - 24</th><th>25 - 49</th><th>50 - Unlimited</th> </tr>

 <tr class=""odd""><td>Price</td><td>$144.00</td><td>$132.00</td><td>$125.00</td><td>$120.00</td> </tr>


","0","","https://bigfundraisingideas.com/sites/default/files/super-60-pretzel-rods-fundraiser_0.png","Super 60 Pretzel Rods Fundraiser vwc-41024","Super 60 Pretzel Rods Fundraiser","<p>Super 60 Pretzel Rods are salty pretzels dipped in milk chocolate topped with chocolate chunks. Our top selling flavor. Under 100 calories per rod.</p>
<h2>Pricing & Profit</h2>
<table border=""0"">
<thead>
<tr align=""left"">
<td>Cases</td>
<td>Cost/Case</td>
<td>Profit</td>
<td>Profit/Case</td>
</tr>
</thead>
<tr>
<td>1-9</td>
<td>$144</td>
<td>40%</td>
<td>$96</td>
</tr>
<tr>
<td>10-24</td>
<td>$132</td>
<td>45%</td>
<td>$108</td>
</tr>
<tr>
<td>25-49</td>
<td>$125</td>
<td>48%</td>
<td>$115</td>
</tr>
<tr>
<td>50+</td>
<td>$120</td>
<td>50%</td>
<td>$120</td>
</tr>
</table>
<h2>Product Details</h2>
<p><strong>Packaging:</strong> 240 units per case (4 inner carriers of 60)<br /><strong>Unit Size:</strong> 8” (0.9 oz.)<br /><strong>Average Price:</strong> $1.00<br /><strong>Delivery:</strong> 3-7 business days. <a title=""Free shipping"" rel=""lightframe"" href=""/pretzel-rod-shipping"">Free shipping</a></p>
","","Product","1435864744","1566834769","","172","vwc-41024","14400 ","","Super 60 Pretzel Rods","","This top selling pretzel rod blends sweet & salty to perfection. Under 100 calories."
"145","","$9.95","
 <tr><th>Quantity</th><th>1</th> </tr>

 <tr class=""odd""><td>Price</td><td>$9.95</td> </tr>


","0","","https://bigfundraisingideas.com/sites/default/files/candy-bar-sample-pack_1.png","Candy Bar Sample Pack","Candy Bar Sample Pack","<p>Want to try our candy bars before placing your order? You can order our candy bar sample pack for $9.95 (shipping included) which contains 6 candy bars in a variety of flavors.<br />
[b]Delivery:[/b] 3-7 business days.</p>
","","Product","1444501973","1614466363","","118","vc-SMPCB","995 ","","Candy Bar Sample Pack","","We're so confident you’ll love our candy bars we’ll deliver your sample pack for only $9.95.
"
"146","","$9.95","
 <tr><th>Quantity</th><th>1</th> </tr>

 <tr class=""odd""><td>Price</td><td>$9.95</td> </tr>


","0","","https://bigfundraisingideas.com/sites/default/files/pretzel-rods-sample-pack_1.png","Pretzel Rods Sample Pack vc-SMPPR","Pretzel Rods Sample Pack","<p>Want to try our pretzel rods before placing your order? You can order our pretzel rod sample pack for $9.95 (shipping included) which contains 6 pretzel rods.<br />
[b]Delivery:[/b] 3-7 business days.</p>
","","Product","1444505159","1614467160","","172","vc-SMPPR","995 ","","Pretzel Rods Sample Pack","","We're so confident you’ll love our pretzel rods we’ll deliver your sample pack for only $9.95."
"147","","$78.00","
 <tr><th>Quantity</th><th>1 - 9</th><th>10 - 24</th><th>25 - 49</th><th>50 - Unlimited</th> </tr>

 <tr class=""odd""><td>Price</td><td>$78.00</td><td>$72.00</td><td>$69.00</td><td>$66.00</td> </tr>


","0","","https://bigfundraisingideas.com/sites/default/files/pretzel-rods-display-fundraiser.png","Pretzel Rods Display Fundraiser vwc-83430","Pretzel Rods Display Fundraiser","<p>With Pretzel Rods Display, you can feature our 3 most popular pretzel rods, chocolate chunk, crunchy toffee and peanut butter crunch at a school event. Comes in a convenient counter top display box.</p>
<h2>Pricing & Profit</h2>
<table border=""0"">
<thead>
<tr align=""left"">
<td>Cases</td>
<td>Cost/Case</td>
<td>Profit</td>
<td>Profit/Case</td>
</tr>
</thead>
<tr>
<td>1-9</td>
<td>$78</td>
<td>35%</td>
<td>$42</td>
</tr>
<tr>
<td>10-24</td>
<td>$72</td>
<td>40%</td>
<td>$48</td>
</tr>
<tr>
<td>25-49</td>
<td>$69</td>
<td>45%</td>
<td>$51</td>
</tr>
<tr>
<td>50+</td>
<td>$66</td>
<td>50%</td>
<td>$54</td>
</tr>
</table>
<h2>Product Details</h2>
<p><strong>Packaging:</strong> 120 units per case (4 inner carriers of 30). <a title=""Carrier contents"" rel=""lightframe"" href=""/pretzel-rods-display-flavors"">Carrier contents</a><br /><strong>Unit Size:</strong> 8” (0.85 oz.)<br /><strong><strong>Average Price</strong>:</strong> $1.00<br /><strong>Delivery:</strong> 3-7 business days. <a title=""Free shipping"" rel=""lightframe"" href=""/pretzel-rod-shipping"">Free shipping</a></p>
","","Product","1467239075","1566833743","","172","vwc-83430","7800 ","","Pretzel Rods Display","","Comes in a convenient counter top display. Offer our 3 most popular pretzel rods."
"151","","$160.00","
 <tr><th>Quantity</th><th>1 - 4</th><th>5 - 9</th><th>10 - Unlimited</th> </tr>

 <tr class=""odd""><td>Price</td><td>$160.00</td><td>$154.00</td><td>$148.00</td> </tr>


","0","","https://bigfundraisingideas.com/sites/default/files/mexican-vero-lollipop-fundraiser_1.png","Mexican Vero Lollipop Fundraiser vwc-02730","Mexican Vero Lollipop Fundraiser","<p>Mexican Vero lollipops offer mango and strawberry flavors coated with chili.</p>
<h2>Pricing & Profit</h2>
<table border=""0"">
<thead>
<tr align=""center"" valign=""middle"">
<td>Cases</td>
<td>Cost/Case</td>
<td>Profit</td>
<td>Profit/Case</td>
</tr>
</thead>
<tr align=""left"">
<td>1-4</td>
<td>$160</td>
<td>50%</td>
<td>$160</td>
</tr>
<tr align=""left"">
<td>5-9</td>
<td>$154</td>
<td>52%</td>
<td>$166</td>
</tr>
<tr align=""left"">
<td>10+</td>
<td>$148</td>
<td>54%</td>
<td>$172</td>
</tr>
</table>
<h2>Product Details</h2>
<p><strong>Packaging:</strong> 640 units per case (16 inner bags of 40).<br /><strong>Unit Size: </strong>0.56 oz.<br /><strong>Average Price:</strong> 50¢<br /><strong>Delivery:</strong> 3-7 business days. <a title=""Free shipping"" rel=""lightframe"" href=""/lollipop-shipping"">Free shipping</a></p>
","","Product","1499384947","1566833331","","117","vwc-02730","16000 ","","Mexican Vero Lollipops","","Spicy and sweet wrapped in a tasty treat. Try our Mango & Strawberry coated with chili."
"155","","$144.00","
 <tr><th>Quantity</th><th>1 - 9</th><th>10 - 24</th><th>25 - 49</th><th>50 - Unlimited</th> </tr>

 <tr class=""odd""><td>Price</td><td>$144.00</td><td>$132.00</td><td>$126.00</td><td>$120.00</td> </tr>


","0","","https://bigfundraisingideas.com/sites/default/files/1-premium-pretzel-rod-fundraiser.png","$1 Premium Pretzel Rods Fundraiser sc-12860","$1 Premium Pretzel Rods Fundraiser","<p>$1 Premium Pretzel Rods come with twice the amount of chocolate. Milk chocolate covered pretzel rods come in 3 flavors including Heath® Toffee Crunch, Party Chocolate Drops and Rainbow Sprinkle.</p>
<h2>Pricing & Profit</h2>
<table border=""0"">
<thead>
<tr align=""left"">
<td>Cases</td>
<td>Cost/Case</td>
<td>Profit</td>
<td>Profit/Case</td>
</tr>
</thead>
<tr>
<td>1-9</td>
<td>$144</td>
<td>40%</td>
<td>$96</td>
</tr>
<tr>
<td>10-24</td>
<td>$132</td>
<td>45%</td>
<td>$108</td>
</tr>
<tr>
<td>25-49</td>
<td>$126</td>
<td>48%</td>
<td>$115</td>
</tr>
<tr>
<td>50+</td>
<td>$120</td>
<td>50%</td>
<td>$120</td>
</tr>
</table>
<h2>Product Details</h2>
<p>[b]Packaging:[/b] 240 units per case (4 inner carriers of 60). [url=/1-premium-pretzel-rod-flavors]Carrier contents[/url]<br />
[b]Unit Size:[/b] 7” (0.941 oz. ave)<br />
[b][b]Average Price[/b]:[/b] $1.00<br />
[b]Delivery:[/b] 3-7 business days. [url=/1-premium-pretzel-rod-shipping]Free shipping[/url]</p>
","","Product","1516734527","1614464710","","172","sc-12860","14400 ","","$1 Premium Pretzel Rods","","$1.00 premium pretzel rods offer a better value with twice the chocolate"
"158","","$180.00","
 <tr><th>Quantity</th><th>1 - 25</th><th>26 - Unlimited</th> </tr>

 <tr class=""odd""><td>Price</td><td>$180.00</td><td>$165.00</td> </tr>


","0","","https://bigfundraisingideas.com/sites/default/files/graduation-smencils-fundraising.png","Graduation Smencil Fundraiser Product B50T29","Graduation Smencil Fundraiser Product","<p>Graduation Smencils are made from 100% reused newspapers and plastic. Prepare for one of life's special moments with a graduation smencils fundraiser.</p>
<h2>Pricing & Profit</h2>
<table border=""0"">
<thead>
<tr align=""left"">
<td>Cases</td>
<td>Cost/Case</td>
<td>Profit</td>
<td>Profit/Case</td>
</tr>
</thead>
<tr>
<td>1-25</td>
<td>$180</td>
<td>40%</td>
<td>$120</td>
</tr>
<tr>
<td>26+</td>
<td>$165</td>
<td>45%</td>
<td>$135</td>
</tr>
</table>
<h2>Product Details</h2>
<p><strong>Packaging:</strong> 300 units per case (6 inner carriers of 50). <a title=""Scents"" rel=""lightframe"" href=""/graduation-smencil-scents""> Scents</a><br /><strong>Average Price:</strong> $1.00<br /><strong>Delivery:</strong> 4-7 business days. <a title=""Free shipping"" rel=""lightframe"" href=""/smencil-shipping"">Free Shipping</a></p>
","","Product","1518055364","1566831607","","135","B50T29","18000 ","","Graduation Smencils","","Prepare for one of life's special moments with a graduation smencils fundraiser."
"163","25","$540.00","
 <tr><th>Quantity</th><th>2 - 9</th><th>10 - 24</th><th>25 - Unlimited</th> </tr>

 <tr class=""odd""><td>Price</td><td>$540.00</td><td>$495.00</td><td>$450.00</td> </tr>


","0","","https://bigfundraisingideas.com/sites/default/files/diamond-vortex-tumbler-fundraiser.png","Diamond Vortex Tumbler Fundraising Product TUMBLER22DV","Diamond Vortex Tumbler Fundraising Product","<p>Add your mascot, name and  coloring to our exclusive stainless steel Diamond Vortex tumbler. These tumblers are double wall vacuum sealed, come with a no-slip grip bottom and have a see-through slide closure lid. <a title=""Opens in new window"" href=""/contact/diamond-vortex-design-form"" target=""_blank"">Design your tumbler</a></p>
<p>Keep drinks cold for up to 12 hours and hot for as long as 6 hours. BPA Free</p>
<h2>Case Pricing</h2>
<table border=""0"">
<thead>
<tr align=""left"">
<td>Cases</td>
<td>Cost/Case</td>
<td>Profit</td>
<td>Profit/Case</td>
</tr>
</thead>
<tbody>
<tr>
<td>2-9</td>
<td>$540</td>
<td>40%</td>
<td>$360</td>
</tr>
<tr>
<td>10-24</td>
<td>$495</td>
<td>45%</td>
<td>$405</td>
</tr>
<tr>
<td>25+</td>
<td>$450</td>
<td>50%</td>
<td>$450</td>
</tr>
</tbody>
</table>
<h2>Product Details</h2>
<p><strong>Packaging:</strong> 36 items per case<br /><strong>Size:</strong> <a title=""Dimensions"" href=""/tritan-tumbler-dimensions"" rel=""lightframe"">Dimensions</a><br /><strong>Volume:</strong> 22 oz.<br /><strong>Selling Price:</strong> $25<br /><strong>Payment Options:</strong> <a title=""Learn more"" href=""/payment-options"" rel=""lightframe"">Learn more</a><br /><strong>Delivery:</strong> Ships within 10 business days after artwork approved. <a title=""Free shipping"" rel=""lightframe"" href=""/mug-shipping"">Free shipping</a></p>
","","Product","1518155393","1614466736","","133","TUMBLER22DV","54000 ","","Diamond Vortex Tumbler","36","Feature your school on our unique Diamond Vortex tumbler. Double Wall Vacuum Sealed."
"165","","$96.00","
 <tr><th>Quantity</th><th>1 - 4</th><th>5 - 9</th><th>10 - Unlimited</th> </tr>

 <tr class=""odd""><td>Price</td><td>$96.00</td><td>$88.00</td><td>$80.00</td> </tr>


","0","","https://bigfundraisingideas.com/sites/default/files/caramel-dark-fudge-sea-salt-popcorn-fundraiser.png","Caramel Dark Fudge Sea Salt Popcorn Fundraising Product vwc-31051","Caramel Dark Fudge Sea Salt Popcorn Fundraising Product","<p>Caramel corn dunked in dark fudge and sprinkled with sea salt. An irresistible combination.</p>
<h2>Pricing & Profit</h2>
<table border=""0"">
<thead>
<tr align=""left"">
<td>Cases</td>
<td>Cost/Case</td>
<td>Profit</td>
<td>Profit/Case</td>
</tr>
</thead>
<tr>
<td>1-4</td>
<td>$96.00</td>
<td>40%</td>
<td>$64</td>
</tr>
<tr>
<td>5-9</td>
<td>$88.00</td>
<td>45%</td>
<td>$72</td>
</tr>
<tr>
<td>10+</td>
<td>$80.00</td>
<td>50%</td>
<td>$80</td>
</tr>
</table>
<h2>Product Details</h2>
<p><strong>Packaging:</strong> 16 units per case<br /><strong>Unit Size:</strong> 10 oz.<br /><strong>Average Price:</strong> $10.00<br /><strong>Delivery:</strong> 7-10 business days. <a title=""Free shipping"" rel=""lightframe"" href=""/popcorn-shipping"">Free shipping</a></p>
","","Product","1518750660","1566830526","","119","vwc-31051","9600 ","","Caramel Dark Fudge Sea Salt Popcorn","","Caramel corn dunked in dark fudge and sprinkled with sea salt. An irresistible combination."
"167","","$96.00","
 <tr><th>Quantity</th><th>1 - 4</th><th>5 - 9</th><th>10 - Unlimited</th> </tr>

 <tr class=""odd""><td>Price</td><td>$96.00</td><td>$88.00</td><td>$80.00</td> </tr>


","0","","https://bigfundraisingideas.com/sites/default/files/white-fudge-almonds-popcorn-fundraiser.png","White Fudge with Almond Popcorn Fundraising Product vwc-31040","White Fudge with Almond Popcorn Fundraising Product","<p>Tempt your senses with this creamy medley of popcorn, almonds and luscious white fudge.</p>
<h2>Pricing & Profit</h2>
<table border=""0"">
<thead>
<tr align=""left"">
<td>Cases</td>
<td>Cost/Case</td>
<td>Profit</td>
<td>Profit/Case</td>
</tr>
</thead>
<tr>
<td>1-4</td>
<td>$96.00</td>
<td>40%</td>
<td>$64</td>
</tr>
<tr>
<td>5-9</td>
<td>$88.00</td>
<td>45%</td>
<td>$72</td>
</tr>
<tr>
<td>10+</td>
<td>$80.00</td>
<td>50%</td>
<td>$80</td>
</tr>
</table>
<h2>Product Details</h2>
<p><strong>Packaging:</strong> 16 units per case<br /><strong>Unit Size:</strong> 10 oz.<br /><strong>Average Price:</strong> $10.00<br /><strong>Delivery:</strong> 7-10 business days. <a title=""Free shipping"" rel=""lightframe"" href=""/popcorn-shipping"">Free shipping</a></p>
","","Product","1518751541","1566835537","","119","vwc-31040","9600 ","","White Fudge with Almond Popcorn","","Tempt your senses with this creamy medley of popcorn, almonds and luscious white fudge."
"175","2","$180.00","
 <tr><th>Quantity</th><th>1 - 4</th><th>5 - 9</th><th>10 - 24</th><th>25 - Unlimited</th><th>50 - Unlimited</th> </tr>

 <tr class=""odd""><td>Price</td><td>$180.00</td><td>$168.00</td><td>$156.00</td><td>$144.00</td><td>$144.00</td> </tr>


","0","","https://bigfundraisingideas.com/sites/default/files/xl-hersheys-assortment-fundraising-carrier.png","$2 Hersheys Assortment Fundraising Carrier rsd-39938","$2 Hersheys Assortment Carrier","<p>Make twice the profit with our $2 XL Hershey's Assortment fundraising kit. Offer 4 popular name-brand candy products, including Hershey's Milk Chocolate with Almonds, Kit Kat, Reese's Peanut Butter Cups, and Twizzlers.</p>
<p><a title=""Receive a free 5 lb. Hershey chocolate bar"" rel=""lightframe"" href=""/free-5-pound-hersheys-chocolate-bar"">Receive a free 5 lb. Hershey chocolate bar</a> with every 6 cases ordered.</p>
<h2>Case Pricing</h2>
<table border=""0"">
<thead>
<tr align=""left"">
<td>Cases</td>
<td>Cost/Case</td>
<td>Profit</td>
<td>Profit/Case</td>
</tr>
</thead>
<tbody>
<tr>
<td>1-4</td>
<td>$180</td>
<td>25%</td>
<td>$60</td>
</tr>
<tr>
<td>5-9</td>
<td>$168</td>
<td>30%</td>
<td>$72</td>
</tr>
<tr>
<td>10-24</td>
<td>$156</td>
<td>35%</td>
<td>$84</td>
</tr>
<tr>
<td>25+</td>
<td>$144</td>
<td>40%</td>
<td>$96</td>
</tr>
</tbody>
</table>
<h2>Product Details</h2>
<p><strong>Packaging:</strong> 120 items per case (4 inner carriers of 30). <a title=""Carrier contents"" rel=""lightframe"" href=""/hersheys-assortment-flavors"">Carrier contents</a><br /><strong>Item Size Range:</strong> 1.85-5 oz.<br /><strong>Selling Price:</strong> $2.00<br /><strong>Payment Options:</strong> <a title=""Learn more"" href=""/payment-options"" rel=""lightframe"">Learn more</a><br /><strong>Delivery: </strong>3-7 business days. <a title=""Free Shipping"" rel=""lightframe"" href=""/candy-bar-shipping"">Free Shipping</a></p>
","","Product","1561673600","1614465382","","118","rsd-39938","18000 ","","$2 Hershey's Assortment","120","Sell our 4 most popular name brand candy. All items $2. Great value. King-size products."
